nseg,icalc,outseg,iupseg,nstrpts,   flow,runoff,etsw,pptsw,        roughch,        roughbk,cdpth,fdpth,awdth,bwdth,width1,width2
       1,    1,     2,     0,      0, 0.0125,   0.0, 0.0,  0.0, 0.082078856000, 0.082078856000,  0.0,  0.0,  0.0,  0.0,   1.5,   1.5
       2,    1,     3,     0,      0,    0.0,   0.0, 0.0,  0.0, 0.143806300000, 0.143806300000,  0.0,  0.0,  0.0,  0.0,   1.5,   1.5
       3,    1,     4,     0,      0,    0.0,   0.0, 0.0,  0.0, 0.104569661821, 0.104569661821,  0.0,  0.0,  0.0,  0.0,   1.5,   1.5
       4,    1,     5,     0,      0,    0.0,   0.0, 0.0,  0.0, 0.126990045841, 0.126990045841,  0.0,  0.0,  0.0,  0.0,   1.5,   1.5
       5,    1,     6,     0,      0,    0.0,   0.0, 0.0,  0.0, 0.183322283828, 0.183322283828,  0.0,  0.0,  0.0,  0.0,   1.5,   1.5
       6,    1,     0,     0,      0,    0.0,   0.0, 0.0,  0.0, 0.183322283828, 0.183322283828,  0.0,  0.0,  0.0,  0.0,   1.5,   1.5